vertexCount;averageTime
2;0.005436
3;0.005715
4;0.007766
5;0.040777
6;0.124005
7;0.377502
8;3.003455
9;23.972278
10;258.400234
