vertexCount;averageTime
2;0.005215
3;0.004081
4;0.008424
5;0.031811
6;0.099708
7;0.38777
8;3.027182
9;25.2666
10;273.180471
