vertexCount;averageTime
2;0.009015
3;0.009341
4;0.010996
5;0.034557
6;0.095857
7;0.4104
8;3.180733
9;26.457701
10;283.952923
