vertexCount;averageTime
2;0.002751
3;0.002782
4;0.003084
5;0.004432
6;0.011579
7;0.020796
8;0.026086
9;0.052227
10;0.144796
11;0.341073
12;0.838177
13;1.957258
14;4.717935
15;10.729552
