vertexCount;averageTime
2;0.003641
3;0.003677
4;0.002314
5;0.00504
6;0.011295
7;0.023281
8;0.043005
9;0.049425
10;0.138442
11;0.352592
12;0.80007
13;1.950642
14;4.433915
15;10.645331
